,maintainability_mod_list,cyclomatic_mod_list,cyclomaticDensity_mod_list,effort_mod_func_avg_list,cyclomatic_mod_func_avg_list,vocabulary_mod_list,difficulty_mod_list,volume_mod_list,effort_mod_list,bugs_mod_list,time_mod_list
0,126.91425054634809,1,7.142857142857142,81.71914598100997,1,24,1.6818181818181819,233.833087536779,393.2647381300374,0.07794436251225967,21.8480410072243
1,138.17029114477165,1,11.11111111111111,39.063545719005894,1,20,1.4444444444444444,151.26748332105768,218.49747590819442,0.05042249444035256,12.138748661566357
2,133.43805764152552,1,9.090909090909092,47.39169198690722,1,25,1.3043478260869565,190.3981037807637,248.34535275751787,0.0634660345935879,13.796964042084326
3,131.4505243504365,1,8.333333333333332,51.44539207858213,1,28,1.2692307692307692,216.33097149259217,274.57392535598234,0.07211032383086406,15.254106964221242
4,137.828330252711,1,11.11111111111111,43.171401014749165,1,22,1.4,164.99896988958,230.99855784541197,0.05499965662986,12.833253213633999
5,156.56834607026548,1,20.0,9.965784284662089,1,13,1.0,59.207035490257475,59.207035490257475,0.019735678496752493,3.2892797494587485
